A,,"The first letter of the English and of many other alphabets. The capital A of the alphabets of Middle and Western Europe, as also the small letter (a), besides the forms in Italic, black letter, etc., are all descended from the old Latin A, which was borrowed from the Greek Alpha, of the same form; and this was made from the first letter (/) of the Phoenician alphabet, the equivalent of the Hebrew Aleph, and itself from the Egyptian origin. The Aleph was a consonant letter, with a guttural breath sound that was not an element of Greek articulation; and the Greeks took it to represent their vowel Alpha with the a sound, the Phoenician alphabet having no vowel symbols."
A,,"The name of the sixth tone in the model major scale (that in C), or the first tone of the minor scale, which is named after it the scale in A minor. The second string of the violin is tuned to the A in the treble staff. -- A sharp (A/) is the name of a musical tone intermediate between A and B. -- A flat (A/) is the name of a tone intermediate between A and G."
A,,"An adjective, commonly called the indefinite article, and signifying one or any, but less emphatically."
A,,"In each; to or for each; as, ""twenty leagues a day"", ""a hundred pounds a year"", ""a dollar a yard"", etc."
A,prep.,In; on; at; by.
A,prep.,"In process of; in the act of; into; to; -- used with verbal substantives in -ing which begin with a consonant. This is a shortened form of the preposition an (which was used before the vowel sound); as in a hunting, a building, a begging."
A,,Of.
A,,"A barbarous corruption of have, of he, and sometimes of it and of they."
A,,"An expletive, void of sense, to fill up the meter"
A-,,"A, as a prefix to English words, is derived from various sources. (1) It frequently signifies on or in (from an, a forms of AS. on), denoting a state, as in afoot, on foot, abed, amiss, asleep, aground, aloft, away (AS. onweg), and analogically, ablaze, atremble, etc. (2) AS. of off, from, as in adown (AS. ofd/ne off the dun or hill). (3) AS. a- (Goth. us-, ur-, Ger. er-), usually giving an intensive force, and sometimes the sense of away, on, back, as in arise, abide, ago. (4) Old English y- or i- (corrupted from the AS. inseparable particle ge-, cognate with OHG. ga-, gi-, Goth. ga-), which, as a prefix, made no essential addition to the meaning, as in aware. (5) French a (L. ad to), as in abase, achieve. (6) L. a, ab, abs, from, as in avert. (7) Greek insep. prefix / without, or privative, not, as in abyss, atheist; akin to E. un-."
A 1,,A registry mark given by underwriters (as at Lloyd's) to ships in first-class condition. Inferior grades are indicated by A 2 and A 3.
Aam,n.,"A Dutch and German measure of liquids, varying in different cities, being at Amsterdam about 41 wine gallons, at Antwerp 36 1/2, at Hamburg 38 1/4."
Aard-vark,n.,"An edentate mammal, of the genus Orycteropus, somewhat resembling a pig, common in some parts of Southern Africa. It burrows in the ground, and feeds entirely on ants, which it catches with its long, slimy tongue."
Aard-wolf,n.,"A carnivorous quadruped (Proteles Lalandii), of South Africa, resembling the fox and hyena. See Proteles."
Aaronic,a.,Alt. of Aaronical
Aaronical,a.,"Pertaining to Aaron, the first high priest of the Jews."
Aaron's rod,,"A rod with one serpent twined around it, thus differing from the caduceus of Mercury, which has two."
Aaron's rod,,"A plant with a tall flowering stem; esp. the great mullein, or hag-taper, and the golden-rod."
Ab-,,"A prefix in many words of Latin origin. It signifies from, away , separating, or departure, as in abduct, abstract, abscond. See A-(6)."
Ab,n.,"The fifth month of the Jewish year according to the ecclesiastical reckoning, the eleventh by the civil computation, coinciding nearly with August."
Abaca,n.,"The Manila-hemp plant (Musa textilis); also, its fiber. See Manila hemp under Manila."
Abacinate,v. t.,To blind by a red-hot metal plate held before the eyes.
Abacination,n.,The act of abacinating.
Abaciscus,n.,One of the tiles or squares of a tessellated pavement; an abaculus.
Abacist,n.,One who uses an abacus in casting accounts; a calculator.
Aback,adv.,Toward the back or rear; backward.
Aback,adv.,Behind; in the rear.
Aback,adv.,Backward against the mast; -- said of the sails when pressed by the wind.
Aback,n.,An abacus.
Abactinal,a.,Pertaining to the surface or end opposite to the mouth in a radiate animal; -- opposed to actinal.
Abaction,n.,Stealing cattle on a large scale.
Abactor,n.,One who steals and drives away cattle or beasts by herds or droves.
Abaculi,n. pl.,of Abaculus
Abaculus,n.,"A small tile of glass, marble, or other substance, of various colors, used in making ornamental patterns in mosaic pavements."
Abacuses,n. pl.,of Abacus
Abaci,n. pl.,of Abacus
Abacus,n.,"A table or tray strewn with sand, anciently used for drawing, calculating, etc."
Abacus,n.,"A calculating table or frame; an instrument for performing arithmetical calculations by balls sliding on wires, or counters in grooves, the lowest line representing units, the second line, tens, etc. It is still employed in China."
Abacus,n.,"The uppermost member or division of the capital of a column, immediately under the architrave. See Column."
Abacus,n.,"A tablet, panel, or compartment in ornamented or mosaic work."
Abacus,n.,"A board, tray, or table, divided into perforated compartments, for holding cups, bottles, or the like; a kind of cupboard, buffet, or sideboard."
Abada,n.,The rhinoceros.
Abaddon,n.,"The destroyer, or angel of the bottomless pit; -- the same as Apollyon and Asmodeus."
Abaddon,n.,Hell; the bottomless pit.
Abaft,prep.,"Behind; toward the stern from; as, abaft the wheelhouse."
Abaft,adv.,"Toward the stern; aft; as, to go abaft."
Abaisance,n.,Obeisance.
Abaiser,n.,Ivory black or animal charcoal.
Abaist,p. p.,Abashed; confounded; discomfited.
Abalienate,v. t.,To transfer the title of from one to another; to alienate.
Abalienate,v. t.,To estrange; to withdraw.
Abalienate,v. t.,To cause alienation of (mind).
Abalienation,n.,The act of abalienating; alienation; estrangement.
Abalone,n.,"A univalve mollusk of the genus Haliotis. The shell is lined with mother-of-pearl, and used for ornamental purposes; the sea-ear. Several large species are found on the coast of California, clinging closely to the rocks."
Aband,v. t.,To abandon.
Aband,v. t.,To banish; to expel.
Abandoned,imp. & p. p.,of Abandon
Abandoning,p. pr. & vb. n.,of Abandon
Abandon,v. t.,To cast or drive out; to banish; to expel; to reject.
Abandon,v. t.,"To give up absolutely; to forsake entirely ; to renounce utterly; to relinquish all connection with or concern on; to desert, as a person to whom one owes allegiance or fidelity; to quit; to surrender."
Abandon,v. t.,Reflexively: To give (one's self) up without attempt at self-control; to yield (one's self) unrestrainedly; -- often in a bad sense.
Abandon,v. t.,"To relinquish all claim to; -- used when an insured person gives up to underwriters all claim to the property covered by a policy, which may remain after loss or damage by a peril insured against."
Abandon,v.,Abandonment; relinquishment.
Abandon,n.,A complete giving up to natural impulses; freedom from artificial constraint; careless freedom or ease.
Abandoned,a.,"Forsaken, deserted."
Abandoned,a.,"Self-abandoned, or given up to vice; extremely wicked, or sinning without restraint; irreclaimably wicked ; as, an abandoned villain."
Abandonedly,adv.,Unrestrainedly.
Abandonee,n.,One to whom anything is legally abandoned.
Abandoner,n.,One who abandons.
Abandonment,n.,"The act of abandoning, or the state of being abandoned; total desertion; relinquishment."
Abandonment,n.,The relinquishment by the insured to the underwriters of what may remain of the property insured after a loss or damage by a peril insured against.
Abandonment,n.,"The relinquishment of a right, claim, or privilege, as to mill site, etc."
Abandonment,n.,"The voluntary leaving of a person to whom one is bound by a special relation, as a wife, husband, or child; desertion."
Abandonment,n.,Careless freedom or ease; abandon.
Abandum,n.,Anything forfeited or confiscated.
Abanet,n.,See Abnet.
Abanga,n.,"A West Indian palm; also the fruit of this palm, the seeds of which are used as a remedy for diseases of the chest."
Abannation,n.,Alt. of Abannition
Abannition,n.,Banishment.
Abarticulation,n.,"Articulation, usually that kind of articulation which admits of free motion in the joint; diarthrosis."
Abased,imp. & p. p.,of Abase
Abasing,p. pr. & vb. n.,of Abase
Abase,a.,"To lower or depress; to throw or cast down; as, to abase the eye."
Abase,a.,"To cast down or reduce low or lower, as in rank, office, condition in life, or estimation of worthiness; to depress; to humble; to degrade."
Abased,a.,Lowered; humbled.
Abased,a.,"Borne lower than usual, as a fess; also, having the ends of the wings turned downward towards the point of the shield."
Abasedly,adv.,Abjectly; downcastly.
Abasement,n.,"The act of abasing, humbling, or bringing low; the state of being abased or humbled; humiliation."
Abaser,n.,"He who, or that which, abases."
Abashed,imp. & p. p.,of Abash
Abashing,p. pr. & vb. n.,of Abash
Abash,v. t.,"To destroy the self-possession of; to confuse or confound, as by exciting suddenly a consciousness of guilt, mistake, or inferiority; to put to shame; to disconcert; to discomfit."
Abashedly,adv.,In an abashed manner.
Abashment,n.,The state of being abashed; confusion from shame.
Abassi,n.,Alt. of Abassis
Abassis,n.,"A silver coin of Persia, worth about twenty cents."
Abatable,a.,"Capable of being abated; as, an abatable writ or nuisance."
Abated,imp. & p. p.,of Abate
Abating,p. pr. & vb. n.,of Abate
Abate,v. t.,To beat down; to overthrow.
Baccalaureate,n.,"The degree of bachelor of arts. (B.A. or A.B.), the first or lowest academical degree conferred by universities and colleges."
Baccalaureate,n.,A baccalaureate sermon.
Baccalaureate,a.,Pertaining to a bachelor of arts.
Baccara,n.,Alt. of Baccarat
Baccarat,n.,"A French game of cards, played by a banker and punters."
Baccare,interj.,Alt. of Backare
Backare,interj.,"Stand back! give place! -- a cant word of the Elizabethan writers, probably in ridicule of some person who pretended to a knowledge of Latin which he did not possess."
Baccate,a.,"Pulpy throughout, like a berry; -- said of fruits."
Baccated,a.,Having many berries.
Baccated,a.,Set or adorned with pearls.
Bacchanal,a.,Relating to Bacchus or his festival.
Bacchanal,a.,Engaged in drunken revels; drunken and riotous or noisy.
Bacchanal,n.,A devotee of Bacchus; one who indulges in drunken revels; one who is noisy and riotous when intoxicated; a carouser.
Bacchanal,n.,The festival of Bacchus; the bacchanalia.
Bacchanal,n.,Drunken revelry; an orgy.
Bacchanal,n.,A song or dance in honor of Bacchus.
Bacchanalia,n. pl.,A feast or an orgy in honor of Bacchus.
Bacchanalia,n. pl.,Hence: A drunken feast; drunken reveler.
Bacchanalian,a.,Of or pertaining to the festival of Bacchus; relating to or given to reveling and drunkenness.
Bacchanalian,n.,A bacchanal; a drunken reveler.
Bacchanalianism,n.,The practice of bacchanalians; bacchanals; drunken revelry.
Bacchants,n. pl.,of Bacchant
Bacchantes,n. pl.,of Bacchant
Bacchant,n.,A priest of Bacchus.
Bacchant,n.,A bacchanal; a reveler.
Bacchant,a.,Bacchanalian; fond of drunken revelry; wine-loving; reveling; carousing.
Bacchantes,n. pl.,of Bacchante
Bacchante,n.,A priestess of Bacchus.
Bacchante,n.,A female bacchanal.
Bacchantic,a.,Bacchanalian.
Bacchic,a.,Alt. of Bacchical
Bacchical,a.,"Of or relating to Bacchus; hence, jovial, or riotous,with intoxication."
Bacchii,n. pl.,of Bacchius
Bacchius,n.,"A metrical foot composed of a short syllable and two long ones; according to some, two long and a short."
Bacchus,n.,"The god of wine, son of Jupiter and Semele."
Bacciferous,a.,Producing berries.
Bacciform,a.,Having the form of a berry.
Baccivorous,a.,"Eating, or subsisting on, berries; as, baccivorous birds."
Bace,"n., a., & v.",See Base.
Bacharach,n.,Alt. of Backarack
Backarack,n.,A kind of wine made at Bacharach on the Rhine.
Bachelor,n.,A man of any age who has not been married.
Bachelor,n.,An unmarried woman.
Bachelor,n.,"A person who has taken the first or lowest degree in the liberal arts, or in some branch of science, at a college or university; as, a bachelor of arts."
Bachelor,n.,"A knight who had no standard of his own, but fought under the standard of another in the field; often, a young knight."
Bachelor,n.,"In the companies of London tradesmen, one not yet admitted to wear the livery; a junior member."
Bachelor,n.,"A kind of bass, an edible fresh-water fish (Pomoxys annularis) of the southern United States."
Bachelordom,n.,The state of bachelorhood; the whole body of bachelors.
Bachelorhood,n.,The state or condition of being a bachelor; bachelorship.
Bachelorism,n.,"Bachelorhood; also, a manner or peculiarity belonging to bachelors."
Bachelor's button,,"A plant with flowers shaped like buttons; especially, several species of Ranunculus, and the cornflower (Centaures cyanus) and globe amaranth (Gomphrena)."
Bachelorship,n.,The state of being a bachelor.
Bachelry,n.,The body of young aspirants for knighthood.
Bacillar,a.,Shaped like a rod or staff.
Bacillariae,n. pl.,See Diatom.
Bacillary,a.,Of or pertaining to little rods; rod-shaped.
Bacilliform,a.,Rod-shaped.
Bacilli,n. pl.,of Bacillus
Bacillus,n.,"A variety of bacterium; a microscopic, rod-shaped vegetable organism."
Back,n.,"A large shallow vat; a cistern, tub, or trough, used by brewers, distillers, dyers, picklers, gluemakers, and others, for mixing or cooling wort, holding water, hot glue, etc."
Back,n.,"A ferryboat.  See Bac, 1."
Back,n.,"In human beings, the hinder part of the body, extending from the neck to the end of the spine; in other animals, that part of the body which corresponds most nearly to such part of a human being; as, the back of a horse, fish, or lobster."
Back,n.,"An extended upper part, as of a mountain or ridge."
Back,n.,"The outward or upper part of a thing, as opposed to the inner or lower part; as, the back of the hand, the back of the foot, the back of a hand rail."
Back,n.,"The part opposed to the front; the hinder or rear part of a thing; as, the back of a book; the back of an army; the back of a chimney."
Back,n.,"The part opposite to, or most remote from, that which fronts the speaker or actor; or the part out of sight, or not generally seen; as, the back of an island, of a hill, or of a village."
Back,n.,"The part of a cutting tool on the opposite side from its edge; as, the back of a knife, or of a saw."
Back,n.,A support or resource in reserve.
Back,n.,The keel and keelson of a ship.
Back,n.,"The upper part of a lode, or the roof of a horizontal underground passage."
Back,n.,"A garment for the back; hence, clothing."
Back,a.,"Being at the back or in the rear; distant; remote; as, the back door; back settlements."
Back,a.,"Being in arrear; overdue; as, back rent."
Back,a.,"Moving or operating backward; as, back action."
Backed,imp. & p. p.,of Back
Backing,p. pr. & vb. n.,of Back
Back,v. i.,To get upon the back of; to mount.
Back,v. i.,To place or seat upon the back.
Back,v. i.,"To drive or force backward; to cause to retreat or recede; as, to back oxen."
Back,v. i.,"To make a back for; to furnish with a back; as, to back books."
Back,v. i.,To adjoin behind; to be at the back of.
Back,v. i.,"To write upon the back of; as, to back a letter; to indorse; as, to back a note or legal document."
Back,v. i.,"To support; to maintain; to second or strengthen by aid or influence; as, to back a friend."
Back,v. i.,"To bet on the success of; -- as, to back a race horse."
Back,v. i.,"To move or go backward; as, the horse refuses to back."
Back,v. i.,To change from one quarter to another by a course opposite to that of the sun; -- used of the wind.
Back,v. i.,To stand still behind another dog which has pointed; -- said of a dog.
Back,adv.,"In, to, or toward, the rear; as, to stand back; to step back."
Back,adv.,"To the place from which one came; to the place or person from which something is taken or derived; as, to go back for something left behind; to go back to one's native place; to put a book back after reading it."
Back,adv.,"To a former state, condition, or station; as, to go back to private life; to go back to barbarism."
Back,adv.,(Of time) In times past; ago.
Back,adv.,Away from contact; by reverse movement.
Back,adv.,"In concealment or reserve; in one's own possession; as, to keep back the truth; to keep back part of the money due to another."
Back,adv.,In a state of restraint or hindrance.
Back,adv.,"In return, repayment, or requital."
Back,adv.,"In withdrawal from a statement, promise, or undertaking; as, he took back0 the offensive words."
Back,adv.,"In arrear; as, to be back in one's rent."
Backarack,n.,See Bacharach.
Backare,interj.,Same as Baccare.
Backband,n.,The band which passes over the back of a horse and holds up the shafts of a carriage.
Caaba,n.,"The small and nearly cubical stone building, toward which all Mohammedans must pray."
Caas,n. sing. & pl.,Case.
Cab,n.,"A kind of close carriage with two or four wheels, usually a public vehicle."
Cab,n.,"The covered part of a locomotive, in which the engineer has his station."
Cab,n.,"A Hebrew dry measure, containing a little over two (2.37) pints."
Cabal,n.,Tradition; occult doctrine. See Cabala
Cabal,n.,A secret.
Cabal,n.,"A number of persons united in some close design, usually to promote their private views and interests in church or state by intrigue; a secret association composed of a few designing persons; a junto."
Cabal,n.,The secret artifices or machinations of a few persons united in a close design; intrigue.
Caballed,imp. & p. p.,of Cabal
Caballing,p. pr. & vb. n.,of Cabal
Cabal,v. i.,To unite in a small party to promote private views and interests by intrigue; to intrigue; to plot.
Cabala,n.,"A kind of occult theosophy or traditional interpretation of the Scriptures among Jewish rabbis and certain mediaeval Christians, which treats of the nature of god and the mystery of human existence. It assumes that every letter, word, number, and accent of Scripture contains a hidden sense; and it teaches the methods of interpretation for ascertaining these occult meanings. The cabalists pretend even to foretell events by this means."
Cabala,n.,Secret science in general; mystic art; mystery.
Cabalism,n.,The secret science of the cabalists.
Cabalism,n.,A superstitious devotion to the mysteries of the religion which one professes.
Cabalist,n.,"One versed in the cabala, or the mysteries of Jewish traditions."
Cabalistic,a.,Alt. of Cabalistical
Cabalistical,a.,Of or pertaining to the cabala; containing or conveying an occult meaning; mystic.
Cabalistically,adv.,In a cabalistic manner.
Cabalize,v. i.,To use cabalistic language.
Caballer,n.,One who cabals.
Caballine,a.,Of or pertaining to a horse.
Caballine,n.,Caballine aloes.
Cabaret,n.,A tavern; a house where liquors are retailed.
Cabaret,n.,"a type of restaurant where liquor and dinner is served, and entertainment is provided, as by musicians, dancers, or comedians, and providing space for dancing by the patrons; -- similar to a nightclub.  The term cabaret is often used in the names of such an establishment."
Cabaret,n.,the type of entertainment provided in a cabaret{2}.
Cabas,n.,"A flat basket or frail for figs, etc.; hence, a lady's flat workbasket, reticule, or hand bag; -- often written caba."
Cabassou,n.,A species of armadillo of the genus Xenurus (X. unicinctus and X. hispidus); the tatouay.
Cabbage,n.,"An esculent vegetable of many varieties, derived from the wild Brassica oleracea of Europe. The common cabbage has a compact head of leaves. The cauliflower, Brussels sprouts, etc., are sometimes classed as cabbages."
Cabbage,n.,"The terminal bud of certain palm trees, used, like, cabbage, for food. See Cabbage tree, below."
Cabbage,n.,The cabbage palmetto. See below.
Cabbage,v. i.,"To form a head like that the cabbage; as, to make lettuce cabbage."
Cabbaged,imp. & p. p,of Cabbage
Cabbaging,p. pr. & vb. n.,of Cabbage
Cabbage,v. i.,"To purloin or embezzle, as the pieces of cloth remaining after cutting out a garment; to pilfer."
Cabbage,n.,Cloth or clippings cabbaged or purloined by one who cuts out garments.
Cabbler,n.,One who works at cabbling.
Cabbling,n.,"The process of breaking up the flat masses into which wrought iron is first hammered, in order that the pieces may be reheated and wrought into bar iron."
Cabeca,n.,Alt. of Cabesse
Cabesse,n.,The finest kind of silk received from India.
Caber,n.,A pole or beam used in Scottish games for tossing as a trial of strength.
Cabezon,n.,"A California fish (Hemilepidotus spinosus), allied to the sculpin."
Cabiai,n.,The capybara. See Capybara.
Cabin,n.,A cottage or small house; a hut.
Cabin,n.,A small room; an inclosed place.
Cabin,n.,A room in ship for officers or passengers.
Cabined,imp. & p. p.,of Cabin
Cabining,p. pr. & vb. n.,of Cabin
Cabin,v. i.,"To live in, or as in, a cabin; to lodge."
Cabin,v. t.,"To confine in, or as in, a cabin."
Cabinet,n.,A hut; a cottage; a small house.
Cabinet,n.,"A small room, or retired apartment; a closet."
Cabinet,n.,A private room in which consultations are held.
Cabinet,n.,The advisory council of the chief executive officer of a nation; a cabinet council.
Cabinet,n.,A set of drawers or a cupboard intended to contain articles of value. Hence:
Cabinet,n.,"A decorative piece of furniture, whether open like an etagere or closed with doors. See Etagere."
Cabinet,n.,"Any building or room set apart for the safe keeping and exhibition of works of art, etc.; also, the collection itself."
Cabinet,a.,Suitable for a cabinet; small.
Cabineting,p. pr. & vb. n.,of Cabinet
Cabinet,v. i.,To inclose
Cabinetmaker,n.,"One whose occupation is to make cabinets or other choice articles of household furniture, as tables, bedsteads, bureaus, etc."
Cabinetmaking,n.,The art or occupation of making the finer articles of household furniture.
Cabinetwork,n.,"The art or occupation of working upon wooden furniture requiring nice workmanship; also, such furniture."
Cabirean,n.,One of the Cabiri.
Cabbiri,n. pl.,"Certain deities originally worshiped with mystical rites by the Pelasgians in Lemnos and Samothrace and afterwards throughout Greece; -- also called sons of Hephaestus (or Vulcan), as being masters of the art of working metals."
Cabirian,a.,Same as Cabiric.
Cabiric,a.,"Of or pertaining to the Cabiri, or to their mystical worship."
Cable,n.,"A large, strong rope or chain, of considerable length, used to retain a vessel at anchor, and for other purposes. It is made of hemp, of steel wire, or of iron links."
Cable,n.,"A rope of steel wire, or copper wire, usually covered with some protecting or insulating substance; as, the cable of a suspension bridge; a telegraphic cable."
Cable,n.,"A molding, shaft of a column, or any other member of convex, rounded section, made to resemble the spiral twist of a rope; -- called also cable molding."
Cable,v. t.,To fasten with a cable.
Cable,v. t.,To ornament with cabling.  See Cabling.
Cabled,imp. & p. p.,of Cable
Cabling,p. pr. & vb. n.,of Cable
Cable,v. t. & i.,To telegraph by a submarine cable
Cabled,a.,"Fastened with, or attached to, a cable or rope."
Cabled,a.,Adorned with cabling.
Cablegram,n.,A message sent by a submarine telegraphic cable.
Cablelaid,a.,"Composed of three three-stranded ropes, or hawsers, twisted together to form a cable."
Cablelaid,a.,"Twisted after the manner of a cable; as, a cable-laid gold chain."
Cablet,n.,A little cable less than ten inches in circumference.
Cabling,n.,"The decoration of a fluted shaft of a column or of a pilaster with reeds, or rounded moldings, which seem to be laid in the hollows of the fluting. These are limited in length to about one third of the height of the shaft."
Cabmen,n. pl.,of Cabman
Cabman,n.,The driver of a cab.
Cabob,n.,A small piece of mutton or other meat roasted on a skewer; -- so called in Turkey and Persia.
Cabob,n.,"A leg of mutton roasted, stuffed with white herrings and sweet herbs."
Cabob,v. t.,"To roast, as a cabob."
Caboched,a.,"Showing the full face, but nothing of the neck; -- said of the head of a beast in armorial bearing."
Caboodle,n.,The whole collection; the entire quantity or number; -- usually in the phrase the whole caboodle.
Caboose,n.,"A house on deck, where the cooking is done; -- commonly called the galley."
Caboose,n.,"A car used on freight or construction trains for brakemen, workmen, etc.; a tool car."
Cabotage,n.,Navigation along the coast; the details of coast pilotage.
Cabree,n.,The pronghorn antelope.
Cabrerite,n.,"An apple-green mineral, a hydrous arseniate of nickel, cobalt, and magnesia; -- so named from the Sierra Cabrera, Spain."
Cabrilla,n.,"A name applied to various species of edible fishes of the genus Serranus, and related genera, inhabiting the Meditarranean, the coast of California, etc.  In California, some of them are also called rock bass and kelp salmon."
Cabriole,n.,A curvet; a leap. See Capriole.
Cabriolet,n.,A one-horse carriage with two seats and a calash top.
Cabrit,n.,Same as Cabree.
Caburn,n.,"A small line made of spun yarn, to bind or worm cables, seize tackles, etc."
Decomposition,n.,"The act or process of resolving the constituent parts of a compound body or substance into its elementary parts; separation into constituent part; analysis; the decay or dissolution consequent on the removal or alteration of some of the ingredients of a compound; disintegration; as, the decomposition of wood, rocks, etc."
Decomposition,n.,The state of being reduced into original elements.
Decomposition,n.,Repeated composition; a combination of compounds.
Decompounded,imp. & p. p.,of Decompound
Decompounding,p. pr. & vb. n.,of Decompound
Decompound,v. t.,To compound or mix with that is already compound; to compound a second time.
Decompound,v. t.,To reduce to constituent parts; to decompose.
Decompound,a.,Compound of what is already compounded; compounded a second time.
Decompound,a.,"Several times compounded or divided, as a leaf or stem; decomposite."
Decompound,n.,A decomposite.
Decompoundable,a.,Capable of being decompounded.
Deconcentrate,v. t.,To withdraw from concentration; to decentralize.
Deconcentration,n.,Act of deconcentrating.
Deconcoct,v. t.,To decompose.
Deconsecrate,v. t.,To deprive of sacredness; to secularize.
Decorament,v. t.,Ornament.
Decorated,imp. & p. p.,of Decorate
Decorating,p. pr. & vb. n.,of Decorate
Decorate,v. t.,"To deck with that which is becoming, ornamental, or honorary; to adorn; to beautify; to embellish; as, to decorate the person; to decorate an edifice; to decorate a lawn with flowers; to decorate the mind with moral beauties; to decorate a hero with honors."
Decoration,n.,"The act of adorning, embellishing, or honoring; ornamentation."
Decoration,n.,"That which adorns, enriches, or beautifies; something added by way of embellishment; ornament."
Decoration,n.,"Specifically, any mark of honor to be worn upon the person, as a medal, cross, or ribbon of an order of knighthood, bestowed for services in war, great achievements in literature, art, etc."
Decorative,a.,Suited to decorate or embellish; adorning.
Decorator,n.,"One who decorates, adorns, or embellishes; specifically, an artisan whose business is the decoration of houses, esp. their interior decoration."
Decore,v. t.,To decorate; to beautify.
Decorement,n.,Ornament.
Decorous,a.,"Suitable to a character, or to the time, place, and occasion; marked with decorum; becoming; proper; seemly; befitting; as, a decorous speech; decorous behavior; a decorous dress for a judge."
Decorticated,imp. & p. p.,of Decorticate
Decorticating,p. pr. & vb. n.,of Decorticate
Decorticate,v. t.,"To divest of the bark, husk, or exterior coating; to husk; to peel; to hull."
Decortication,n.,"The act of stripping off the bark, rind, hull, or outer coat."
Decorticator,n.,"A machine for decorticating wood, hulling grain, etc.; also, an instrument for removing surplus bark or moss from fruit trees."
Decorum,n.,"Propriety of manner or conduct; grace arising from suitableness of speech and behavior to one's own character, or to the place and occasion; decency of conduct; seemliness; that which is seemly or suitable."
Decoyed,imp. & p. p.,of Decoy
Decoying,p. pr. & vb. n.,of Decoy
Decoy,v. t.,"To lead into danger by artifice; to lure into a net or snare; to entrap; to insnare; to allure; to entice; as, to decoy troops into an ambush; to decoy ducks into a net."
Decoy,n.,"Anything intended to lead into a snare; a lure that deceives and misleads into danger, or into the power of an enemy; a bait."
Decoy,n.,"A fowl, or the likeness of one, used by sportsmen to entice other fowl into a net or within shot."
Decoy,n.,"A place into which wild fowl, esp. ducks, are enticed in order to take or shoot them."
Decoy,n.,"A person employed by officers of justice, or parties exposed to injury, to induce a suspected person to commit an offense under circumstances that will lead to his detection."
Decoy-duck,n.,"A duck used to lure wild ducks into a decoy; hence, a person employed to lure others into danger."
Decoyer,n.,One who decoys another.
Decoy-men,n. pl.,of Decoy-man
Decoy-man,n.,A man employed in decoying wild fowl.
Decreased,imp. & p. p.,of Decrease
Decreasing,p. pr. & vb. n.,of Decrease
Decrease,n.,"To grow less, -- opposed to increase; to be diminished gradually, in size, degree, number, duration, etc., or in strength, quality, or excellence; as, they days decrease in length from June to December."
Decrease,v. t.,"To cause to grow less; to diminish gradually; as, extravagance decreases one's means."
Decrease,v.,"A becoming less; gradual diminution; decay; as, a decrease of revenue or of strength."
Decrease,v.,The wane of the moon.
Decreaseless,a.,Suffering no decrease.
Decreasing,a.,Becoming less and less; diminishing.
Decreation,n.,Destruction; -- opposed to creation.
Decree,n.,"An order from one having authority, deciding what is to be done by a subordinate; also, a determination by one having power, deciding what is to be done or to take place; edict, law; authoritative ru// decision."
Decree,n.,"A decision, order, or sentence, given in a cause by a court of equity or admiralty."
Decree,n.,A determination or judgment of an umpire on a case submitted to him.
Decree,n.,"An edict or law made by a council for regulating any business within their jurisdiction; as, the decrees of ecclesiastical councils."
Decreed,imp. & p. p.,of Decree
Decreeing,p. pr. & vb. n.,of Decree
Decree,v. t.,"To determine judicially by authority, or by decree; to constitute by edict; to appoint by decree or law; to determine; to order; to ordain; as, a court decrees a restoration of property."
Decree,v. t.,To ordain by fate.
Decree,v. i.,To make decrees; -- used absolutely.
Decreeable,a.,Capable of being decreed.
Decreer,n.,One who decrees.
Decreet,n.,"The final judgment of the Court of Session, or of an inferior court, by which the question at issue is decided."
Decrement,n.,The state of becoming gradually less; decrease; diminution; waste; loss.
Decrement,n.,The quantity lost by gradual diminution or waste; -- opposed to increment.
Decrement,n.,"A name given by Hauy to the successive diminution of the layers of molecules, applied to the faces of the primitive form, by which he supposed the secondary forms to be produced."
Decrement,n.,The quantity by which a variable is diminished.
Decrepit,a.,Broken down with age; wasted and enfeebled by the infirmities of old age; feeble; worn out.
Decrepitated,imp. & p. p.,of Decrepitate
Decrepitating,p. pr. & vb. n.,of Decrepitate
Decrepitate,v. t.,"To roast or calcine so as to cause a crackling noise; as, to decrepitate salt."
Decrepitate,v. i.,"To crackle, as salt in roasting."
Decrepitation,n.,"The act of decrepitating; a crackling noise, such as salt makes when roasting."
Decrepitness,n.,Decrepitude.
Decrepitude,n.,The broken state produced by decay and the infirmities of age; infirm old age.
Decrescendo,a. & adv.,"With decreasing volume of sound; -- a direction to performers, either written upon the staff (abbreviated Dec., or Decresc.), or indicated by the sign."
Decrescent,a.,"Becoming less by gradual diminution; decreasing; as, a decrescent moon."
Decrescent,n.,A crescent with the horns directed towards the sinister.
Decretal,a.,"Appertaining to a decree; containing a decree; as, a decretal epistle."
Decretal,a.,"An authoritative order or decree; especially, a letter of the pope, determining some point or question in ecclesiastical law. The decretals form the second part of the canon law."
Decretal,a.,"The collection of ecclesiastical decrees and decisions made, by order of Gregory IX., in 1234, by St. Raymond of Pennafort."
Decrete,n.,A decree.
Decretion,n.,A decrease.
Decretist,n.,"One who studies, or professes the knowledge of, the decretals."
Decretive,n.,Having the force of a decree; determining.
Decretorial,a.,Decretory; authoritative.
Decretorily,adv.,In a decretory or definitive manner; by decree.
Decretory,a.,Established by a decree; definitive; settled.
Decretory,a.,Serving to determine; critical.
Decrew,v. i.,To decrease.
Decrial,n.,A crying down; a clamorous censure; condemnation by censure.
Decrier,n.,One who decries.
Decrown,v. t.,To deprive of a crown; to discrown.
Decrustation,n.,The removal of a crust.
Decried,imp. & p. p.,of Decry
Decrying,p. pr. & vb. n.,of Decry
Decry,v. t.,"To cry down; to censure as faulty, mean, or worthless; to clamor against; to blame clamorously; to discredit; to disparage."
Decubation,n.,Act of lying down; decumbence.
Efferent,n.,An efferent duct or stream.
Efferous,a.,Like a wild beast; fierce.
Effervesced,imp. & p. p.,of Effervesce
Effervescing,p. pr. & vb. n.,of Effervesce
Effervesce,v. i.,"To be in a state of natural ebullition; to bubble and hiss, as fermenting liquors, or any fluid, when some part escapes in a gaseous form."
Effervesce,v. i.,"To exhibit, in lively natural expression, feelings that can not be repressed or concealed; as, to effervesce with joy or merriment."
Effervescence,n.,Alt. of Effervescency
Effervescency,n.,"A kind of natural ebullition; that commotion of a fluid which takes place when some part of the mass flies off in a gaseous form, producing innumerable small bubbles; as, the effervescence of a carbonate with citric acid."
Effervescent,a.,"Gently boiling or bubbling, by means of the disengagement of gas"
Effervescible,a.,Capable of effervescing.
Effervescive,a.,Tending to produce effervescence.
Effet,n.,"The common newt; -- called also asker, eft, evat, and ewt."
Effete,a.,"No longer capable of producing young, as an animal, or fruit, as the earth; hence, worn out with age; exhausted of energy; incapable of efficient action; no longer productive; barren; sterile."
Efficacious,n.,"Possessing the quality of being effective; productive of, or powerful to produce, the effect intended; as, an efficacious law."
Efficacity,n.,Efficacy.
Efficacy,n.,"Power to produce effects; operation or energy of an agent or force; production of the effect intended; as, the efficacy of medicine in counteracting disease; the efficacy of prayer."
Efficience,n.,Alt. of Efficiency
Efficiency,n.,The quality of being efficient or producing an effect or effects; efficient power; effectual agency.
Efficiency,n.,The ratio of useful work to energy expended.
Efficient,n.,"Causing effects; producing results; that makes the effect to be what it is; actively operative; not inactive, slack, or incapable; characterized by energetic and useful activity; as, an efficient officer, power."
Efficient,n.,An efficient cause; a prime mover.
Efficiently,adv.,With effect; effectively.
Effierce,v. t.,To make fierce.
Effigial,a.,Relating to an effigy.
Effigiate,v. t.,"To form as an effigy; hence, to fashion; to adapt."
Effigiation,n.,The act of forming in resemblance; an effigy.
Effigies,n.,See Effigy.
Effigies,n. pl.,of Effigy
Effigy,n.,"The image, likeness, or representation of a person, whether a full figure, or a part; an imitative figure; -- commonly applied to sculptured likenesses, as those on monuments, or to those of the heads of princes on coins and medals, sometimes applied to portraits."
Efflagitate,v. t.,To ask urgently.
Efflate,v. t.,To fill with breath; to puff up.
Efflation,n.,"The act of filling with wind; a breathing or puffing out; a puff, as of wind."
Effloresced,imp. & p. p.,of Effloresce
Efflorescing,p. pr. & vb. n.,of Effloresce
Effloresce,v. i.,To blossom forth.
Effloresce,v. i.,"To change on the surface, or throughout, to a whitish, mealy, or crystalline powder, from a gradual decomposition, esp. from the loss of water, on simple exposure to the air; as, Glauber's salts, and many others, effloresce."
Effloresce,v. i.,"To become covered with a whitish crust or light crystallization, from a slow chemical change between some of the ingredients of the matter covered and an acid proceeding commonly from an external source; as, the walls of limestone caverns sometimes effloresce with nitrate of calcium in consequence of the action in consequence of nitric acid formed in the atmosphere."
Efflorescence,n.,"Flowering, or state of flowering; the blooming of flowers; blowth."
Efflorescence,n.,"A redness of the skin; eruption, as in rash, measles, smallpox, scarlatina, etc."
Efflorescence,n.,"The formation of the whitish powder or crust on the surface of efflorescing bodies, as salts, etc."
Efflorescence,n.,The powder or crust thus formed.
Efflorescency,n.,The state or quality of being efflorescent; efflorescence.
Efflorescent,v. i.,"That effloresces, or is liable to effloresce on exposure; as, an efflorescent salt."
Efflorescent,v. i.,Covered with an efflorescence.
Efflower,v. t.,"To remove the epidermis of (a skin) with a concave knife, blunt in its middle part, -- as in making chamois leather."
Effluence,n.,"A flowing out, or emanation."
Effluence,n.,That which flows or issues from any body or substance; issue; efflux.
Effluency,n.,Effluence.
Effluent,a.,"Flowing out; as, effluent beams."
Effluent,n.,A stream that flows out of another stream or lake.
Effluviable,a.,Capable of being given off as an effluvium.
Effluvial,a.,Belonging to effluvia.
Effluviate,v. i.,To give forth effluvium.
Effluvia,n. pl.,of Effluvium
Effluvium,a.,"Subtile or invisible emanation; exhalation perceived by the sense of smell; especially, noisome or noxious exhalation; as, the effluvium from diseased or putrefying bodies, or from ill drainage."
Efflux,n.,"The act or process of flowing out, or issuing forth; effusion; outflow; as, the efflux of matter from an ulcer; the efflux of men's piety."
Efflux,n.,That which flows out; emanation; effluence.
Efflux,v. i.,To run out; to flow forth; to pass away.
Effluxion,n.,The act of flowing out; effusion.
Effluxion,n.,That which flows out; effluvium; emanation.
Effodient,a.,Digging up.
Efforced,imp. & p. p.,of Efforce
Efforcing,p. pr. & vb. n.,of Efforce
Efforce,v. t.,To force; to constrain; to compel to yield.
Efform,v. t.,To form; to shape.
Efformation,n.,The act of giving shape or form.
Effort,n.,"An exertion of strength or power, whether physical or mental, in performing an act or aiming at an object; more or less strenuous endeavor; struggle directed to the accomplishment of an object; as, an effort to scale a wall."
Effort,n.,A force acting on a body in the direction of its motion.
Effort,v. t.,To stimulate.
Effortless,a.,Making no effort.
Effossion,n.,A digging out or up.
Effranchise,v. t.,To enfranchise.
Effray,v. t.,To frighten; to scare.
Effrayable,a.,Frightful.
Effrenation,n.,Unbridled license; unruliness.
Effront,v. t.,To give assurance to.
Effronteries,n. pl.,of Effrontery
Effrontery,n.,Impudence or boldness in confronting or in transgressing the bounds of duty or decorum; insulting presumptuousness; shameless boldness; barefaced assurance.
Effrontit,a.,Marked by impudence.
Effrontuously,adv.,Impudently.
Effulged,imp. & p. p.,of Effulge
Effulging,p. pr. & vb. n.,of Effulge
Effulge,v. t.,To cause to shine with abundance of light; to radiate; to beam.
Effulge,v. i.,To shine forth; to beam.
Effulgence,n.,The state of being effulgent; extreme brilliancy; a flood of light; great luster or brightness; splendor.
Effulgent,a.,Diffusing a flood of light; shining; luminous; beaming; bright; splendid.
Effulgently,adv.,In an effulgent manner.
Effumability,n.,The capability of flying off in fumes or vapor.
Effume,v. t.,To breathe or puff out.
Effund,v. t.,To pour out.
Effuse,a.,Poured out freely; profuse.
Effuse,a.,Disposed to pour out freely; prodigal.
Effuse,a.,"Spreading loosely, especially on one side; as, an effuse inflorescence."
Effuse,a.,"Having the lips, or edges, of the aperture abruptly spreading; -- said of certain shells."
Effuse,n.,Effusion; loss.
Effused,imp. & p. p.,of Effuse
Effusing,p. pr. & vb. n.,of Effuse
Effuse,v. t.,To pour out like a stream or freely; to cause to exude; to shed.
Effuse,v. i.,To emanate; to issue.
Effusion,n.,"The act of pouring out; as, effusion of water, of blood, of grace, of words, and the like."
Fantasies,n. pl.,of Fantasy
Fantasy,n.,"Fancy; imagination; especially, a whimsical or fanciful conception; a vagary of the imagination; whim; caprice; humor."
Fantasy,n.,Fantastic designs.
Fantasy,v. t.,To have a fancy for; to be pleased with; to like; to fancy.
Fantoccini,n. pl.,"Puppets caused to perform evolutions or dramatic scenes by means of machinery; also, the representations in which they are used."
Fantom,n.,See Phantom.
Fap,a.,Fuddled.
Faquir,n.,See Fakir.
Far,n.,"A young pig, or a litter of pigs."
Far,a.,Distant in any direction; not near; remote; mutually separated by a wide space or extent.
Far,a.,"Remote from purpose; contrary to design or wishes; as, far be it from me to justify cruelty."
Far,a.,"Remote in affection or obedience; at a distance, morally or spiritually; t enmity with; alienated."
Far,a.,Widely different in nature or quality; opposite in character.
Far,a.,"The more distant of two; as, the far side (called also off side) of a horse, that is, the right side, or the one opposite to the rider when he mounts."
Far,adv.,"To a great extent or distance of space; widely; as, we are separated far from each other."
Far,adv.,"To a great distance in time from any point; remotely; as, he pushed his researches far into antiquity."
Far,adv.,"In great part; as, the day is far spent."
Far,adv.,In a great proportion; by many degrees; very much; deeply; greatly.
Farabout,n.,A going out of the way; a digression.
Farad,n.,"The standard unit of electrical capacity; the capacity of a condenser whose charge, having an electro-motive force of one volt, is equal to the amount of electricity which, with the same electromotive force, passes through one ohm in one second; the capacity, which, charged with one coulomb, gives an electro-motive force of one volt."
Faradic,a.,"Of or pertaining to Michael Faraday, the distinguished electrician; -- applied especially to induced currents of electricity, as produced by certain forms of inductive apparatus, on account of Faraday's investigations of their laws."
Faradism,n.,Alt. of Faradization
Faradization,n.,The treatment with faradic or induced currents of electricity for remedial purposes.
Farand,n.,"See Farrand, n."
Farandams,n.,A fabrik made of silk and wool or hair.
Farantly,a.,Orderly; comely; respectable.
Farced,imp. & p. p.,of Farce
Farcing,p. pr. & vb. n.,of Farce
Farce,v. t.,"To stuff with forcemeat; hence, to fill with mingled ingredients; to fill full; to stuff."
Farce,v. t.,To render fat.
Farce,v. t.,To swell out; to render pompous.
Farce,v. t.,"Stuffing, or mixture of viands, like that used on dressing a fowl; forcemeat."
Farce,v. t.,"A low style of comedy; a dramatic composition marked by low humor, generally written with little regard to regularity or method, and abounding with ludicrous incidents and expressions."
Farce,v. t.,"Ridiculous or empty show; as, a mere farce."
Farcement,n.,Stuffing; forcemeat.
Farcical,a.,Pertaining to farce; appropriated to farce; ludicrous; unnatural; unreal.
Farcical,a.,"Of or pertaining to the disease called farcy. See Farcy, n."
Farcilite,n.,Pudding stone.
Farcimen,n.,Alt. of Farcin
Farcin,n.,Same as Farcy.
Farcing,n.,Stuffing; forcemeat.
Farctate,v. t.,"Stuffed; filled solid; as, a farctate leaf, stem, or pericarp; -- opposed to tubular or hollow."
Farcy,n.,"A contagious disease of horses, associated with painful ulcerating enlargements, esp. upon the head and limbs. It is of the same nature as glanders, and is often fatal. Called also farcin, and farcimen."
Fard,n.,Paint used on the face.
Fard,v. t.,To paint; -- said esp. of one's face.
Fardage,n.,See Dunnage.
Fardel,n.,"A bundle or little pack; hence, a burden."
Fardel,v. t.,To make up in fardels.
Farding-bag,n.,"The upper stomach of a cow, or other ruminant animal; the rumen."
Fardingdale,n.,A farthingale.
Fardingdeal,n.,The fourth part of an acre of land.
Fared,imp. & p. p.,of Fare
Faring,p. pr. & vb. n.,of Fare
Fare,n.,To go; to pass; to journey; to travel.
Fare,n.,"To be in any state, or pass through any experience, good or bad; to be attended with any circummstances or train of events, fortunate or unfortunate; as, he fared well, or ill."
Fare,n.,"To be treated or entertained at table, or with bodily or social comforts; to live."
Fare,n.,"To happen well, or ill; -- used impersonally; as, we shall see how it will fare with him."
Fare,n.,To behave; to conduct one's self.
Fare,v.,A journey; a passage.
Fare,v.,"The price of passage or going; the sum paid or due for conveying a person by land or water; as, the fare for crossing a river; the fare in a coach or by railway."
Fare,v.,Ado; bustle; business.
Fare,v.,Condition or state of things; fortune; hap; cheer.
Fare,v.,"Food; provisions for the table; entertainment; as, coarse fare; delicious fare."
Fare,v.,"The person or persons conveyed in a vehicle; as, a full fare of passengers."
Fare,v.,The catch of fish on a fishing vessel.
Faren,,"p. p. of Fare, v. i."
Farewell,interj.,"Go well; good-by; adieu;  -- originally applied to a person departing, but by custom now applied both to those who depart and those who remain. It is often separated by the pronoun; as, fare you well; and is sometimes used as an expression of separation only; as, farewell the year; farewell, ye sweet groves; that is, I bid you farewell."
Farewell,n.,A wish of happiness or welfare at parting; the parting compliment; a good-by; adieu.
Farewell,n.,"Act of departure; leave-taking; a last look at, or reference to something."
Farewell,a.,"Parting; valedictory; final; as, a farewell discourse; his farewell bow."
Farfet,p. p.,Farfetched.
Farfetch,v. t.,To bring from far; to seek out studiously.
Farfetch,n.,"Anything brought from far, or brought about with studious care; a deep strategem."
Farfetched,a.,"Brought from far, or from a remote place."
Farfetched,a.,Studiously sought; not easily or naturally deduced or introduced; forced; strained.
Farina,n.,"A fine flour or meal made from cereal grains or from the starch or fecula of vegetables, extracted by various processes, and used in cookery."
Farina,n.,Pollen.
Farinaceous,a.,"Consisting or made of meal or flour; as, a farinaceous diet."
Farinaceous,a.,"Yielding farina or flour; as, ffarinaceous seeds."
Farinaceous,a.,"Like meal; mealy; pertainiing to meal; as, a farinaceous taste, smell, or appearance."
Farinose,a.,"Yielding farinaa; as, farinose substances."
Farinose,a.,"Civered with a sort of white, mealy powder, as the leaves of some poplars, and the body of certain insects; mealy."
Farl,v. t.,Same as Furl.
Farlie,n.,An unusual or unexpected thing; a wonder. See Fearly.
Farm,a. & n.,"The rent of land, -- originally paid by reservation of part of its products."
Farm,a. & n.,The term or tenure of a lease of land for cultivation; a leasehold.
Farm,a. & n.,The land held under lease and by payment of rent for the purpose of cultivation.
Farm,a. & n.,"Any tract of land devoted to agricultural purposes, under the management of a tenant or the owner."
Farm,a. & n.,A district of country leased (or farmed) out for the collection of the revenues of government.
Farm,a. & n.,"A lease of the imposts on particular goods; as, the sugar farm, the silk farm."
Farmed,imp. & p. p.,of Farm
Farming,p. pr. & vb. n.,of Farm
Farm,v. t.,"To lease or let for an equivalent, as land for a rent; to yield the use of to proceeds."
Farm,v. t.,"To give up to another, as an estate, a business, the revenue, etc., on condition of receiving in return a percentage of what it yields; as, to farm the taxes."
Farm,v. t.,To take at a certain rent or rate.
Farm,v. t.,"To devote (land) to agriculture; to cultivate, as land; to till, as a farm."
Farm,v. i.,To engage in the business of tilling the soil; to labor as a farmer.
Farmable,a.,Capable of being farmed.
Farmer,n.,One who farms
Farmer,n.,One who hires and cultivates a farm; a cultivator of leased ground; a tenant.
Gardyloo,n.,"An old cry in throwing water, slops, etc., from the windows in Edingburgh."
Gare,n.,Coarse wool on the legs of sheep.
Garefowl,n.,"The great auk; also, the razorbill. See Auk."
Garfish,n.,"A European marine fish (Belone vulgaris); -- called also gar, gerrick, greenback, greenbone, gorebill, hornfish, longnose, mackerel guide, sea needle, and sea pike."
Garfish,n.,"One of several species of similar fishes of the genus Tylosurus, of which one species (T. marinus) is common on the Atlantic coast. T. Caribbaeus, a very large species, and T. crassus, are more southern; -- called also needlefish. Many of the common names of the European garfish are also applied to the American species."
Gargalize,v. t.,To gargle; to rinse.
Garganey,n.,"A small European duck (Anas querquedula); -- called also cricket teal, and summer teal."
Gargantuan,a.,"Characteristic of Gargantua, a gigantic, wonderful personage; enormous; prodigious; inordinate."
Gargarism,n.,A gargle.
Gargarize,v. t.,"To gargle; to rinse or wash, as the mouth and throat."
Garget,n.,The throat.
Garget,n.,"A diseased condition of the udders of cows, etc., arising from an inflammation of the mammary glands."
Garget,n.,"A distemper in hogs, indicated by staggering and loss of appetite."
Garget,n.,See Poke.
Gargil,n.,"A distemper in geese, affecting the head."
Gargle,n.,See Gargoyle.
Garggled,imp. & p. p.,of Gargle
Gargling,p. pr. & vb. n.,of Gargle
Gargle,v. t.,"To wash or rinse, as the mouth or throat, particular the latter, agitating the liquid (water or a medicinal preparation) by an expulsion of air from the lungs."
Gargle,v. t.,To warble; to sing as if gargling
Gargle,n.,"A liquid, as water or some medicated preparation, used to cleanse the mouth and throat, especially for a medical effect."
Gargol,n.,A distemper in swine; garget.
Gargoulette,n.,A water cooler or jug with a handle and spout; a gurglet.
Gargoyle,n.,"A spout projecting from the roof gutter of a building, often carved grotesquely."
Gargyle,n.,See Gargoyle.
Garibaldi,n.,A jacket worn by women; -- so called from its resemblance in shape to the red shirt worn by the Italians patriot Garibaldi.
Garibaldi,n.,A California market fish (Pomancentrus rubicundus) of a deep scarlet color.
Garish,a.,Showy; dazzling; ostentatious; attracting or exciting attention.
Garish,a.,Gay to extravagance; flighty.
Garland,n.,The crown of a king.
Garland,n.,"A wreath of chaplet made of branches, flowers, or feathers, and sometimes of precious stones, to be worn on the head like a crown; a coronal; a wreath."
Garland,n.,The top; the thing most prized.
Garland,n.,A book of extracts in prose or poetry; an anthology.
Garland,n.,A sort of netted bag used by sailors to keep provision in.
Garland,n.,A grommet or ring of rope lashed to a spar for convenience in handling.
Garlanded,imp. & p. p.,of Garland
Garlanding,p. pr. & vb. n.,of Garland
Garland,v. t.,To deck with a garland.
Garlandless,a.,Destitute of a garland.
Garlic,n.,"A plant of the genus Allium (A. sativum is the cultivated variety), having a bulbous root, a very strong smell, and an acrid, pungent taste. Each root is composed of several lesser bulbs, called cloves of garlic, inclosed in a common membranous coat, and easily separable."
Garlic,n.,A kind of jig or farce.
Garlicky,a.,Like or containing garlic.
Garment,n.,"Any article of clothing, as a coat, a gown, etc."
Garmented,p. a.,"Having on a garment; attired; enveloped, as with a garment."
Garmenture,n.,Clothing; dress.
Garner,n.,A granary; a building or place where grain is stored for preservation.
Garnered,imp. & p. p.,of Garner
Garnering,p. pr. & vb. n.,of Garner
Garner,v. t.,"To gather for preservation; to store, as in a granary; to treasure."
Garnet,n.,"A mineral having many varieties differing in color and in their constituents, but with the same crystallization (isometric), and conforming to the same general chemical formula. The commonest color is red, the luster is vitreous, and the hardness greater than that of quartz. The dodecahedron and trapezohedron are the common forms."
Garnet,n.,A tackle for hoisting cargo in our out.
Garnetiferous,a.,Containing garnets.
Garnierite,n.,An amorphous mineral of apple-green color; a hydrous silicate of nickel and magnesia. It is an important ore of nickel.
Garnished,imp. & p. p.,of Garnish
Garnishing,p. pr. & vb. n.,of Garnish
Garnish,v. t.,To decorate with ornamental appendages; to set off; to adorn; to embellish.
Garnish,v. t.,"To ornament, as a dish, with something laid about it; as, a dish garnished with parsley."
Garnish,v. t.,To furnish; to supply.
Garnish,v. t.,To fit with fetters.
Garnish,v. t.,"To warn by garnishment; to give notice to; to garnishee. See Garnishee, v. t."
Garnish,n.,"Something added for embellishment; decoration; ornament; also, dress; garments, especially such as are showy or decorated."
Garnish,n.,"Something set round or upon a dish as an embellishment. See Garnish, v. t., 2."
Garnish,v. t.,Fetters.
Garnish,v. t.,"A fee; specifically, in English jails, formerly an unauthorized fee demanded by the old prisoners of a newcomer."
Garnishee,n.,"One who is garnished; a person upon whom garnishment has been served in a suit by a creditor against a debtor, such person holding property belonging to the debtor, or owing him money."
Garnisheed,imp. & p. p.,of Garnishee
Garnisheeing,p. pr. & vb. n.,of Garnishee
Garnishee,v. t.,To make (a person) a garnishee; to warn by garnishment; to garnish.
Garnishee,v. t.,To attach (the fund or property sought to be secured by garnishment); to trustee.
Garnisher,n.,"One who, or that which, garnishes."
Garnishment,n.,Ornament; embellishment; decoration.
Garnishment,n.,"Warning, or legal notice, to one to appear and give information to the court on any matter."
Garnishment,n.,"Warning to a person in whose hands the effects of another are attached, not to pay the money or deliver the goods to the defendant, but to appear in court and give information as garnishee."
Garnishment,n.,"A fee. See Garnish, n., 4."
Garniture,v. t.,That which garnishes; ornamental appendage; embellishment; furniture; dress.
Garookuh,n.,A small fishing vessel met with in the Persian Gulf.
Garous,a.,"Pertaining to, or resembling, garum."
Gar pike,,Alt. of Garpike
Garpike,,See under Gar.
Garran,n.,See Galloway.
Garret,n.,A turret; a watchtower.
Garret,n.,"That part of a house which is on the upper floor, immediately under or within the roof; an attic."
Garreted,a.,Protected by turrets.
Garreteer,n.,One who lives in a garret; a poor author; a literary hack.
Garreting,n.,Small splinters of stone inserted into the joints of coarse masonry.
Garrison,n.,A body of troops stationed in a fort or fortified town.
Garrison,n.,"A fortified place, in which troops are quartered for its security."
Garrisoned,imp. & p. p.,of Garrison
Garrisoning,p. pr. & vb. n.,of Garrison
Garrison,v. t.,"To place troops in, as a fortification, for its defense; to furnish with soldiers; as, to garrison a fort or town."
Garrison,v. t.,"To secure or defend by fortresses manned with troops; as, to garrison a conquered territory."
Garron,n.,Same as Garran.
Garrot,n.,"A stick or small wooden cylinder used for tightening a bandage, in order to compress the arteries of a limb."
Garrot,n.,The European golden-eye.
Garrote,n.,"A Spanish mode of execution by strangulation, with an iron collar affixed to a post and tightened by a screw until life become extinct; also, the instrument by means of which the punishment is inflicted."
Garroted,imp. & p. p.,of Garrote
Garroting,p. pr. & vb. n.,of Garrote
Garrote,v. t.,"To strangle with the garrote; hence, to seize by the throat, from behind, with a view to strangle and rob."
Garroter,n.,"One who seizes a person by the throat from behind, with a view to strangle and rob him."
Garrulity,n.,Talkativeness; loquacity.
Halter,n.,One who halts or limps; a cripple.
Halter,n.,A strong strap or cord.
Halter,n.,"A rope or strap, with or without a headstall, for leading or tying a horse."
Halter,n.,A rope for hanging malefactors; a noose.
Haltered,imp. & p. p.,of Halter
Haltering,p. pr. & vb. n.,of Halter
Halter,v. t.,"To tie by the neck with a rope, strap, or halter; to put a halter on; to subject to a hangman's halter."
Halteres,n. pl.,Balancers; the rudimentary hind wings of Diptera.
Halter-sack,n.,"A term of reproach, implying that one is fit to be hanged."
Haltingly,adv.,In a halting or limping manner.
Halvans,n. pl.,Impure ore; dirty ore.
Halve,n.,A half.
Halved,imp. & p. p.,of Halve
Halving,p. pr. & vb. n.,of Halve
Halve,v. t.,"To divide into two equal parts; as, to halve an apple; to be or form half of."
Halve,v. t.,"To join, as two pieces of timber, by cutting away each for half its thickness at the joining place, and fitting together."
Halved,a.,"Appearing as if one side, or one half, were cut away; dimidiate."
Halves,n.,pl. of Half.
Halwe,n.,A saint.
Hal'yard,v. t.,"A rope or tackle for hoisting or lowering yards, sails, flags, etc."
Halysites,n.,"A genus of Silurian fossil corals; the chain corals. See Chain coral, under Chain."
Ham,n.,Home.
Ham,n.,The region back of the knee joint; the popliteal space; the hock.
Ham,n.,"The thigh of any animal; especially, the thigh of a hog cured by salting and smoking."
Hamadryads,n. pl.,of Hamadryad
Hamadryades,n. pl.,of Hamadryad
Hamadryad,n.,"A tree nymph whose life ended with that of the particular tree, usually an oak, which had been her abode."
Hamadryad,n.,"A large venomous East Indian snake (Orhiophagus bungarus), allied to the cobras."
Hamadryas,n.,The sacred baboon of Egypt (Cynocephalus Hamadryas).
Hamamelis,n.,"A genus of plants which includes the witch-hazel (Hamamelis Virginica), a preparation of which is used medicinally."
Hamate,a.,Hooked; bent at the end into a hook; hamous.
Hamated,a.,"Hooked, or set with hooks; hamate."
Hamatum,n.,See Unciform.
Hamble,v. t.,To hamstring.
Hamburg,n.,"A commercial city of Germany, near the mouth of the Elbe."
Hame,n.,Home.
Hame,n.,"One of the two curved pieces of wood or metal, in the harness of a draught horse, to which the traces are fastened. They are fitted upon the collar, or have pads fitting the horse's neck attached to them."
Hamel,v. t.,Same as Hamele.
Hamesecken,n.,Alt. of Hamesucken
Hamesucken,n.,The felonious seeking and invasion of a person in his dwelling house.
Hamiform,n.,Hook-shaped.
Hamilton period,,"A subdivision of the Devonian system of America; -- so named from Hamilton, Madison Co., New York. It includes the Marcellus, Hamilton, and Genesee epochs or groups. See the Chart of Geology."
Haminura,n.,A large edible river fish (Erythrinus macrodon) of Guiana.
Hamite,n.,"A fossil cephalopod of the genus Hamites, related to the ammonites, but having the last whorl bent into a hooklike form."
Hamite,n.,"A descendant of Ham, Noah's second son. See Gen. x. 6-20."
Haitic,a.,Pertaining to Ham or his descendants.
Hamlet,n.,A small village; a little cluster of houses in the country.
Hamleted,p. a.,Confined to a hamlet.
Hammer,n.,"An instrument for driving nails, beating metals, and the like, consisting of a head, usually of steel or iron, fixed crosswise to a handle."
Hammer,n.,Something which in firm or action resembles the common hammer
Hammer,n.,That part of a clock which strikes upon the bell to indicate the hour.
Hammer,n.,"The padded mallet of a piano, which strikes the wires, to produce the tones."
Hammer,n.,The malleus.
Hammer,n.,"That part of a gunlock which strikes the percussion cap, or firing pin; the cock; formerly, however, a piece of steel covering the pan of a flintlock musket and struck by the flint of the cock to ignite the priming."
Hammer,n.,"Also, a person of thing that smites or shatters; as, St. Augustine was the hammer of heresies."
Hammered,imp. & p. p.,of Hammer
Hammering,p. pr. & vb. n.,of Hammer
Hammer,v. t.,"To beat with a hammer; to beat with heavy blows; as, to hammer iron."
Hammer,v. t.,To form or forge with a hammer; to shape by beating.
Hammer,v. t.,To form in the mind; to shape by hard intellectual labor; -- usually with out.
Hammer,v. i.,To be busy forming anything; to labor hard as if shaping something with a hammer.
Hammer,v. i.,"To strike repeated blows, literally or figuratively."
Hammerable,a.,Capable of being formed or shaped by a hammer.
Hammer-beam,n.,"A member of one description of roof truss, called hammer-beam truss, which is so framed as not to have a tiebeam at the top of the wall. Each principal has two hammer-beams, which occupy the situation, and to some extent serve the purpose, of a tiebeam."
Hammercloth,n.,The cloth which covers a coach box.
Hammer-dressed,a.,Having the surface roughly shaped or faced with the stonecutter's hammer; -- said of building stone.
Hammerer,n.,One who works with a hammer.
Hammer-harden,v. t.,"To harden, as a metal, by hammering it in the cold state."
Hammerhead,n.,"A shark of the genus Sphyrna or Zygaena, having the eyes set on projections from the sides of the head, which gives it a hammer shape. The Sphyrna zygaena is found in the North Atlantic. Called also hammer fish, and balance fish."
Hammerhead,n.,A fresh-water fish; the stone-roller.
Hammerhead,n.,An African fruit bat (Hypsignathus monstrosus); -- so called from its large blunt nozzle.
Hammerkop,n.,A bird of the Heron family; the umber.
Hammer-less,a.,"Without a visible hammer; -- said of a gun having a cock or striker concealed from sight, and out of the way of an accidental touch."
Hammermen,n. pl.,of Hammerman
Hammerman,n.,A hammerer; a forgeman.
Hammochrysos,n.,A stone with spangles of gold color in it.
Hammock,n.,"A swinging couch or bed, usually made of netting or canvas about six feet wide, suspended by clews or cords at the ends."
Hammock,n.,"A piece of land thickly wooded, and usually covered with bushes and vines. Used also adjectively; as, hammock land."
Hamose,,Alt. of Hamous
Hamous,,Having the end hooked or curved.
Hamper,n.,"A large basket, usually with a cover, used for the packing and carrying of articles; as, a hamper of wine; a clothes hamper; an oyster hamper, which contains two bushels."
Hampered,imp. & p. p.,of Hamper
Hampering,p. pr. & vb. n.,of Hamper
Hamper,v. t.,To put in a hamper.
Hamper,v. t.,"To put a hamper or fetter on; to shackle; to insnare; to inveigle; hence, to impede in motion or progress; to embarrass; to encumber."
Hamper,n.,A shackle; a fetter; anything which impedes.
Hamper,n.,"Articles ordinarily indispensable, but in the way at certain times."
Hamshackle,v. t.,"To fasten (an animal) by a rope binding the head to one of the fore legs; as, to hamshackle a horse or cow; hence, to bind or restrain; to curb."
Hamster,n.,"A small European rodent (Cricetus frumentarius). It is remarkable for having a pouch on each side of the jaw, under the skin, and for its migrations."
Hamstring,n.,"One of the great tendons situated in each side of the ham, or space back of the knee, and connected with the muscles of the back of the thigh."
Hamstrung,imp. & p. p.,of Hamstring
Hamstringing,p. pr. & vb. n.,of Hamstring
Hamstring,v. t.,"To lame or disable by cutting the tendons of the ham or knee; to hough; hence, to cripple; to incapacitate; to disable."
Hamular,a.,"Hooked; hooklike; hamate; as, the hamular process of the sphenoid bone."
Hamulate,a.,Furnished with a small hook; hook-shaped.
Hamule,n.,A little hook.
Hamulose,a.,Bearing a small hook at the end.
Hamuli,n. pl.,of Hamulus
Hamulus,n.,"A hook, or hooklike process."
Hamulus,n.,A hooked barbicel of a feather.
Immutable,a.,Not mutable; not capable or susceptible of change; unchangeable; unalterable.
Immutate,a.,Unchanged.
Immutation,n.,Change; alteration; mutation.
Immute,v. t.,To change or alter.
Imp,n.,A shoot; a scion; a bud; a slip; a graft.
Imp,n.,An offspring; progeny; child; scion.
Imp,n.,"A young or inferior devil; a little, malignant spirit; a puny demon; a contemptible evil worker."
Imp,n.,"Something added to, or united with, another, to lengthen it out or repair it, -- as, an addition to a beehive; a feather inserted in a broken wing of a bird; a length of twisted hair in a fishing line."
Imped,imp. & p. p.,of Imp
Imping,p. pr. & vb. n.,of Imp
Imp,n.,To graft; to insert as a scion.
Imp,n.,"To graft with new feathers, as a wing; to splice a broken feather. Hence, Fig.: To repair; to extend; to increase; to strengthen to equip."
Impacable,a.,Not to be appeased or quieted.
Impackment,n.,"The state of being closely surrounded, crowded, or pressed, as by ice."
Impacted,imp. & p. p.,of Impact
Impacting,p. pr. & vb. n.,of Impact
Impact,v. t.,To drive close; to press firmly together: to wedge into a place.
Impact,n.,Contact or impression by touch; collision; forcible contact; force communicated.
Impact,n.,The single instantaneous stroke of a body in motion against another either in motion or at rest.
Impacted,a.,Driven together or close.
Impaction,n.,"The driving of one fragment of bone into another so that the fragments are not movable upon each other; as, impaction of the skull or of the hip."
Impaction,n.,"An immovable packing; (Med.), a lodgment of something in a strait or passage of the body; as, impaction of the fetal head in the strait of the pelvis; impaction of food or feces in the intestines of man or beast."
Impaint,v. t.,To paint; to adorn with colors.
Impaired,imp. & p. p.,of Impair
Impairing,p. pr. & vb. n.,of Impair
Impair,v. t.,"To make worse; to diminish in quantity, value, excellence, or strength; to deteriorate; as, to impair health, character, the mind, value."
Impair,v. t.,To grow worse; to deteriorate.
Impair,a.,Not fit or appropriate.
Impair,n.,Diminution; injury.
Impairer,n.,"One who, or that which, impairs."
Impairment,n.,The state of being impaired; injury.
Impalatable,a.,Unpalatable.
Impaled,imp. & p. p.,of Impale
Impaling,p. pr. & vb. n.,of Impale
Impale,v. t.,To pierce with a pale; to put to death by fixing on a sharp stake. See Empale.
Impale,v. t.,"To inclose, as with pales or stakes; to surround."
Impale,v. t.,"To join, as two coats of arms on one shield, palewise; hence, to join in honorable mention."
Impalement,n.,"The act of impaling, or the state of being impaled."
Impalement,n.,"An inclosing by stakes or pales, or the space so inclosed."
Impalement,n.,That which hedges in; inclosure.
Impalement,n.,"The division of a shield palewise, or by a vertical line, esp. for the purpose of putting side by side the arms of husband and wife. See Impale, 3."
Impalla,n.,The pallah deer of South Africa.
Impallid,v. t.,To make pallid; to blanch.
Impalm,v. t.,To grasp with or hold in the hand.
Impalpability,n.,The quality of being impalpable.
Impalpable,a.,"Not palpable; that cannot be felt; extremely fine, so that no grit can be perceived by touch."
Impalpable,a.,Not material; intangible; incorporeal.
Impalpable,a.,"Not apprehensible, or readily apprehensible, by the mind; unreal; as, impalpable distinctions."
Impalpably,adv.,In an impalpable manner.
Impalsy,v. t.,To palsy; to paralyze; to deaden.
Impanate,a.,"Embodied in bread, esp. in the bread of the eucharist."
Impanated,imp. & p. p.,of Impanate
Impanating,p. pr. & vb. n.,of Impanate
Impanate,v. t.,"To embody in bread, esp. in the bread of the eucharist."
Impanation,a.,"Embodiment in bread; the supposed real presence and union of Christ's material body and blood with the substance of the elements of the eucharist without a change in their nature; -- distinguished from transubstantiation, which supposes a miraculous change of the substance of the elements. It is akin to consubstantiation."
Impanator,n.,One who holds the doctrine of impanation.
Impaneled,imp. & p. p.,of Impanel
Impanelled,,of Impanel
Impaneling,,of Impanel
Impanelling,,of Impanel
Impanel,v. t.,"To enter in a list, or on a piece of parchment, called a panel; to form or enroll, as a list of jurors in a court of justice."
Impanelment,n.,"The act or process of impaneling, or the state of being impaneled."
Imparadised,imp. & p. p.,of Imparadise
Imparadising,p. pr. & vb. n.,of Imparadise
Imparadise,v. t.,To put in a state like paradise; to make supremely happy.
Imparalleled,a.,Unparalleled.
Impardonable,a.,Unpardonable.
Imparidigitate,a.,"Having an odd number of fingers or toes, either one, three, or five, as in the horse, tapir, rhinoceros, etc."
Imparipinnate,a.,Pinnate with a single terminal leaflet.
Imparisyllabic,a.,"Not consisting of an equal number of syllables; as, an imparisyllabic noun, one which has not the same number of syllables in all the cases; as, lapis, lapidis; mens, mentis."
Imparity,n.,"Inequality; disparity; disproportion; difference of degree, rank, excellence, number, etc."
Imparity,n.,"Lack of comparison, correspondence, or suitableness; incongruity."
Imparity,n.,Indivisibility into equal parts; oddness.
Imparked,imp. & p. p.,of Impark
Imparking,p. pr. & vb. n.,of Impark
Impark,v. t.,"To inclose for a park; to sever from a common; hence, to inclose or shut up."
Imparl,v. i.,To hold discourse; to parley.
Imparl,v. i.,To have time before pleading; to have delay for mutual adjustment.
Imparlance,n.,Mutual discourse; conference.
Imparlance,n.,"Time given to a party to talk or converse with his opponent, originally with the object of effecting, if possible, an amicable adjustment of the suit. The actual object, however, has long been merely to obtain further time to plead, or answer to the allegations of the opposite party."
Imparlance,n.,"Hence, the delay or continuance of a suit."
Imparsonee,a.,"Presented, instituted, and inducted into a rectory, and in full possession."
Imparsonee,n.,A clergyman so inducted.
Imparted,imp. & p. p.,of Impart
Imparting,p. pr. & vb. n.,of Impart
Impart,n.,"To bestow a share or portion of; to give, grant, or communicate; to allow another to partake in; as, to impart food to the poor; the sun imparts warmth."
Impart,n.,To obtain a share of; to partake of.
Impart,n.,To communicate the knowledge of; to make known; to show by words or tokens; to tell; to disclose.
Impart,v. i.,To give a part or share.
Impart,v. i.,To hold a conference or consultation.
Impartance,n.,Impartation.
Impartation,n.,"The act of imparting, or the thing imparted."
Imparter,n.,One who imparts.
Impartial,a.,Not partial; not favoring one more than another; treating all alike; unprejudiced; unbiased; disinterested; equitable; fair; just.
Impartialist,n.,One who is impartial.
Impartiality,n.,"The quality of being impartial; freedom from bias or favoritism; disinterestedness; equitableness; fairness; as, impartiality of judgment, of treatment, etc."
Impartially,a.,In an impartial manner.
Impartialness,n.,Impartiality.
Impartibility,n.,The quality of being impartible; communicability.
Impartibility,n.,The quality of being incapable of division into parts; indivisibility.
Jemmy,a.,Spruce.
Jemmy,n.,A short crowbar. See Jimmy.
Jemmy,n.,A baked sheep's head.
Jeniquen,n.,"A Mexican name for the Sisal hemp (Agave rigida, var. Sisalana); also, its fiber."
Jenite,n.,See Yenite.
Jenkins,n.,"name of contempt for a flatterer of persons high in social or official life; as, the Jenkins employed by a newspaper."
Jennet,n.,A small Spanish horse; a genet.
Jenneting,n.,A variety of early apple. See Juneating.
Jennies,n. pl.,of Jenny
Jenny,n.,A familiar or pet form of the proper name Jane.
Jenny,n.,A familiar name of the European wren.
Jenny,n.,"A machine for spinning a number of threads at once, -- used in factories."
Jentling,n.,A fish of the genus Leuciscus; the blue chub of the Danube.
Jeofail,n.,"An oversight in pleading, or the acknowledgment of a mistake or oversight."
Jeoparded,imp. & p. p.,of Jeopard
Jeoparding,p. pr. & vb. n.,of Jeopard
Jeopard,v. t.,To put in jeopardy; to expose to loss or injury; to imperil; to hazard.
Jeoparder,n.,One who puts in jeopardy.
Jeopardized,imp. & p. p.,of Jeopardize
Jeopardizing,p. pr. & vb. n.,of Jeopardize
Jeopardize,v. t.,To expose to loss or injury; to risk; to jeopard.
Jeopardous,a.,Perilous; hazardous.
Jeopardy,n.,"Exposure to death, loss, or injury; hazard; danger."
Jeopardy,v. t.,To jeopardize.
Jerboa,n.,"Any small jumping rodent of the genus Dipus, esp. D. Aegyptius, which is common in Egypt and the adjacent countries. The jerboas have very long hind legs and a long tail."
Jereed,n.,"A blunt javelin used by the people of the Levant, especially in mock fights."
Jeremiad,n.,Alt. of Jeremiade
Jeremiade,n.,"A tale of sorrow, disappointment, or complaint; a doleful story; a dolorous tirade; -- generally used satirically."
Jerfalcon,n.,The gyrfalcon.
Jerguer,n.,See Jerquer.
Jerid,n.,Same as Jereed.
Jerk,v. t.,"To cut into long slices or strips and dry in the sun; as, jerk beef. See Charqui."
Jerked,imp. & p. p.,of Jerk
Jerking,p. pr. & vb. n.,of Jerk
Jerk,v. t.,To beat; to strike.
Jerk,v. t.,"To give a quick and suddenly arrested thrust, push, pull, or twist, to; to yerk; as, to jerk one with the elbow; to jerk a coat off."
Jerk,v. t.,"To throw with a quick and suddenly arrested motion of the hand; as, to jerk a stone."
Jerk,v. i.,"To make a sudden motion; to move with a start, or by starts."
Jerk,v. i.,To flout with contempt.
Jerk,n.,"A short, sudden pull, thrust, push, twitch, jolt, shake, or similar motion."
Jerk,n.,A sudden start or spring.
Jerker,n.,A beater.
Jerker,n.,One who jerks or moves with a jerk.
Jerker,n.,A North American river chub (Hybopsis biguttatus).
Jerkin,n.,A jacket or short coat; a close waistcoat.
Jerkin,n.,A male gyrfalcon.
Jerking,n.,"The act of pulling, pushing, or throwing, with a jerk."
Jerkinhead,n.,"The hipped part of a roof which is hipped only for a part of its height, leaving a truncated gable."
Jerky,a.,"Moving by jerks and starts; characterized by abrupt transitions; as, a jerky vehicle; a jerky style."
Jermoonal,n.,The Himalayan now partridge.
Jeronymite,n.,One belonging of the mediaeval religious orders called Hermits of St. Jerome.
Jeropigia,n.,See Geropigia.
Jerquer,n.,A customhouse officer who searches ships for unentered goods.
Jerquing,n.,The searching of a ship for unentered goods.
Jerquing,n.,The searching of a ship for unentered goods.
Jerry-built,a.,"Built hastily and of bad materials; as, jerry-built houses."
Jerseys,n. pl.,of Jersey
Jersey,n.,"The finest of wool separated from the rest; combed wool; also, fine yarn of wool."
Jersey,n.,"A kind of knitted jacket; hence, in general, a closefitting jacket or upper garment made of an elastic fabric (as stockinet)."
Jersey,n.,One of a breed of cattle in the Island of Jersey. Jerseys are noted for the richness of their milk.
Jerusalem,n.,"The chief city of Palestine, intimately associated with the glory of the Jewish nation, and the life and death of Jesus Christ."
Jervine,n.,"A poisonous alkaloid resembling veratrine, and found with it in white hellebore (Veratrum album); -- called also jervina."
Jesses,n. pl.,of Jess
Jess,n.,"A short strap of leather or silk secured round the leg of a hawk, to which the leash or line, wrapped round the falconer's hand, was attached when used. See Illust. of Falcon."
Jessamine,n.,Same as Jasmine.
Jessant,a.,Springing up or emerging; -- said of a plant or animal.
Jesse,n.,"Any representation or suggestion of the genealogy of Christ, in decorative art"
Jesse,n.,A genealogical tree represented in stained glass.
Jesse,n.,"A candlestick with many branches, each of which bears the name of some one of the descendants of Jesse; -- called also  tree of Jesse."
Jest,n.,A deed; an action; a gest.
Jest,n.,A mask; a pageant; an interlude.
Jest,n.,"Something done or said in order to amuse; a joke; a witticism; a jocose or sportive remark or phrase. See Synonyms under Jest, v. i."
Jest,v. i.,The object of laughter or sport; a laughingstock.
Jested,imp. & p. p.,of Jest
Jesting,p. pr. & vb. n.,of Jest
Jest,v. i.,"To take part in a merrymaking; -- especially, to act in a mask or interlude."
Jest,v. i.,To make merriment by words or actions; to joke; to make light of anything.
Jester,n.,A buffoon; a merry-andrew; a court fool.
Jester,n.,"A person addicted to jesting, or to indulgence in light and amusing talk."
Jestful,a.,Given to jesting; full of jokes.
Jesting,a.,Sportive; not serious; fit for jests.
Jesting,n.,The act or practice of making jests; joking; pleasantry.
Jestingly,adv.,In a jesting manner.
Jesuit,n.,"One of a religious order founded by Ignatius Loyola, and approved in 1540, under the title of The Society of Jesus."
Jesuit,n.,Fig.: A crafty person; an intriguer.
Jesuited,a.,Conforming to the principles of the Jesuits.
Jesuitess,n.,"One of an order of nuns established on the principles of the Jesuits, but suppressed by Pope Urban in 1633."
Jesuitic,a.,Alt. of Jesuitical
Jesuitical,a.,"Of or pertaining to the Jesuits, or to their principles and methods."
Jesuitical,a.,Designing; cunning; deceitful; crafty; -- an opprobrious use of the word.
Jesuitically,adv.,In a jesuitical manner.
Jesuitism,n.,The principles and practices of the Jesuits.
Jesuitism,n.,Cunning; deceit; deceptive practices to effect a purpose; subtle argument; -- an opprobrious use of the  word.
Jesuitocracy,n.,"Government by Jesuits; also, the whole body of Jesuits in a country."
Jesuitry,n.,Jesuitism; subtle argument.
Jesus,n.,"The Savior; the name of the Son of God as announced by the angel to his parents; the personal name of Our Lord, in distinction from Christ, his official appellation."
Jet,n.,Same as 2d Get.
Jet,n.,"A variety of lignite, of a very compact texture and velvet black color, susceptible of a good polish, and often wrought into mourning jewelry, toys, buttons, etc. Formerly called also black amber."
Jet,n.,"A shooting forth; a spouting; a spurt; a sudden rush or gush, as of water from a pipe, or of flame from an orifice; also, that which issues in a jet."
Jet,n.,"Drift; scope; range, as of an argument."
